Model,Batch,Best_Epoch,MAPE_Inv
LSTM,64,11,3.2388287195242005
GRU,32,380,3.387643442337656
LSTM,32,9,4.104995260476742
GRU,64,359,4.459905375816894
