Model,Batch,Best_Epoch,MAPE_Inv
GRU,32,124,4.092334042089648
LSTM,32,458,4.432970218201221
GRU,64,178,5.533970559507846
LSTM,64,79,8.703377290035693
