Model,Batch,Best_Epoch,MAPE_Inv
GRU,32,223,6.391556950363361
LSTM,32,302,8.587085805542923
GRU,64,389,10.784062997067544
LSTM,64,292,12.361505812721177
